<?xml version="1.0" encoding="UTF-8"?>
<project-private xmlns="http://www.netbeans.org/ns/project-private/1">
    <editor-bookmarks xmlns="http://www.netbeans.org/ns/editor-bookmarks/2" lastBookmarkId="1">
        <file>
            <url>src/java/MultiFileUploaderChangeProfilePic.java</url>
            <bookmark id="1">
                <name/>
                <line>25</line>
                <key/>
            </bookmark>
        </file>
    </editor-bookmarks>
    <open-files xmlns="http://www.netbeans.org/ns/projectui-open-files/2">
        <group>
            <file>file:/C:/Users/vansh/Documents/NetBeansProjects/Airbnb_kr/web/Booking1.jsp</file>
            <file>file:/C:/Users/vansh/Documents/NetBeansProjects/Airbnb_kr/src/java/vmm/SimpleMailDemo.java</file>
            <file>file:/C:/Users/vansh/Documents/NetBeansProjects/Airbnb_kr/web/PublicHome.jsp</file>
        </group>
    </open-files>
</project-private>
